cleavage_window,label
APSRNGMV,0
LLSRKKRE,0
KQPRCGVP,1
EKARELLK,0
HPFHLLYY,1
VFRREAHK,1
FARRYGFY,0
RSVRIDRN,0
NEFRTTIC,0
GWWRSWLQ,0
SILRALPV,0
MAGREALS,0
SSVSSQFS,1
ACFRQQPD,0
EGEREFMF,0
EAKRWMEA,0
NGERLGFL,0
RSYRISNV,0
RAKRFASL,1
VQNNDSTE,1
EVCRSMLA,0
TCIRNPLP,0
GLSRHIPP,0
RHRRALDT,1
RAKRSPKH,1
PPMRGGSS,0
RVARGETC,0
RLIRSGVQ,0
RIRRAAPA,0
EDTRVIHI,0
RKSKVDLD,1
MTKRCPDS,0
QDPRNLQN,0
ERFRGQYF,0
SRRRDVSR,0
VFRRDAHK,1
RHKRFAGV,1
RTLRFRDP,0
NLMRNSTS,0
RTRRQDIR,1
GTYRIYDG,0
PGHRSQAP,0
HQKRVHDS,0
KIRRSSEE,1
NKFRIYLT,0
PLYRKHPR,0
HLKRDTED,1
DMKRVNEE,0
SEKRRDAP,0
GSTAIALE,1
EVLRDTSQ,0
QAIRDRLR,0
NIHRAKAS,0
DVGRSQFS,0
IAKRLGAK,0
VATRFGLL,0
PTDRPLIS,0
SLCRDEVI,0
AERFAALE,1
CVPRRPGR,0
ITKRDLAL,1
LCVRQHAR,1
VACRPRKG,0
LCRRCVSS,0
RKRRSLGD,1
GSLFSVPS,1
AFLREGNS,0
TRDRVLKA,0
SDMRASFD,0
NPLYKEAT,1
THNRSLIF,0
YCARWFAI,0
ELLRSYIF,0
KLYRLGLG,0
LTDRTEIS,0
NPNRADTY,0
RRLLQERE,1
SPLRDNLK,0
ISPRAFSG,0
TEGRIENR,0
EIGRAFDM,0
HDLRDGAL,0
FRGRGGFR,0
MAPRQNGA,0
VTARNMSY,0
KCPRITEA,0
WHHRRIIC,0
ILKRQLYE,1
LFIRKDYY,0
ERRRKATE,0
YLCRRFGL,0
YLNRLLVS,0
RHRRALDT,1
QQERVREQ,0
MVIRLNRN,0
APARPPKP,0
RARRAAPV,1
ATARAQSA,0
IIFRRFIS,0
TEQRQLAT,0
RQGRIHTS,0
VVARILPQ,0
QAQRWLER,0
HIFRAILV,0
AAVGTLVS,1
PTTRLSMW,0
NSSRRCLS,0
QQKREAPS,1
QEIRLEPQ,1
WETRIKDA,0
ERQRAKEE,0
HYYRRYPQ,0
WSYGLRPG,1
KWARRSIQ,0
LFYRPSPV,0
TGQRLRIA,0
ERFRASFS,0
EEWRSKEA,0
GVQRYFYP,0
EELEATVP,1
TSGRSGVG,0
ENLLRKGR,1
PLYKSAIT,1
AIKRERRA,0
LKSRKIVY,0
VRTRSCTR,0
LDLRMGLL,0
QALRSLLG,0
KAARMALS,0
ALARAVLR,0
RLARDRGA,0
NFRRDLFI,0
FIIRQVVD,0
YGLPTQSA,1
SLQRVHFG,0
VKARVKRM,0
CANRLPNG,0
IQSRTMST,0
RGRRSLGS,1
GKKRPVKF,0
TAARVAVR,0
DEVRVGLI,0
RTKRSTDG,1
VRKRDVHV,1
RRRRQLDP,1
TKNRIEPV,0
RISRVAQV,0
SVTREDSG,0
SWPRIAAI,0
GTWRGTEV,0
LVEALYLV,1
TSSRSVPL,0
GNYRHFMQ,0
NRQRLPRN,0
RKKRSTKK,1
IRQRINQT,0
GGVRYKAA,0
YGKRHKED,1
RYNREKNV,0
MVPRDSTC,0
CALRDPEA,0
FCDRVGSI,0
GSKRFSPA,0
TQMRTSFD,0
HRELVHPD,1
KTGRFKDA,0
RNKRYALT,1
RSGRSTEF,0
KYYRQVEA,0
RKKRSTSA,1
LFIRSLTN,0
HPYRNKYR,0
RSRRGVSE,1
VLNRQCQQ,0
GGARVARI,0
TWWRPGKS,0
QVMRDLRN,0
PPDRRRQP,0
DWAREKEG,0
LGGRPVVL,0
KKRRPVKV,1
DAPRGAET,0
AQVQKQRA,1
LTSPDVGL,1
RDSRSTTS,0
RRDRFKQF,0
LTDRLKVG,0
RKSKVDLD,1
RRKRYAEH,1
QPVRAVDV,0
RVARSKNP,0
SLPRGTSN,0
YKWRQKPK,0
RSRRSPRA,1
APLRTATA,0
QNLRGKLA,0
SKPDLTAA,1
NGVRVKAV,0
PISRKMLI,0
KGDRLPFH,0
LFHRTFAE,0
PVSRTRSL,0
PMNRLVAE,0
RKARVSSA,0
KDLRVVAG,0
DQPRPGSE,0
RFQRCAAW,0
AGRRHVSG,0
YEWRPSGR,0
INERYPIG,0
TKSRLSVP,0
LLNRYAVE,0
GPRRSRLN,0
RQKRSINL,1
IVRRLAIS,0
KQLRVVNG,1
RAYRMLFN,0
FSSRPRSA,0
IIRRRSQH,0
GDCRGFVL,0
RAPRSPKM,1
IVIRGLIV,0
RDLRTLGF,0
FALRFFHS,0
HGVREQLR,0
RAPRSPKM,1
LFIRDAQK,0
RNKRAVQG,1
EMKRNIVG,0
TWLRMDPV,0
IHHRGASS,0
ALRRECLQ,0
LTNRGSNF,0
LTPRQFVE,0
GLARHPHV,0
RWHRFVAE,0
QALRAHGP,0
VQVRQVAV,0
ASDRLFTA,0
CAYRGMVD,0
AIKRLSKN,0
RDWRYQNT,0
QGPRPCVQ,0
DENRRWQE,0
QDLRGNIK,0
HLKRDTED,1
RQRRAAGG,1
ATYREFES,0
SHGREPSG,0
RKKRTTSA,1
ELLRFRYR,0
VIVRRLEA,0
TWARPLLA,0
RVLREGGN,0
ESSRPNTA,0
PTLRVEDC,0
QIIRTLKY,0
QPRRTRLG,0
GLKRSPQL,1
RNKRYALT,1
NNQRIRDY,0
LEDRNKLS,0
AQVRDRLE,0
QYVRDNLY,0
KKLTQSKF,1
RKVRDLQE,1
SDSRMLPP,0
FSWREVEE,0
FHRRLQAI,0
GDSRPQKA,0
RQKRSINL,1
ARDRSELS,0
ERFRAVTS,0
LPCRESVG,0
PAPREEEK,0
TGKRTLVS,0
PKLTAPKI,1
NSRRQELC,0
RQPRGWEQ,1
YDHRLIDG,0
PQARSLTA,0
LQERNRIL,0
SGNRFSGH,0
LNERFGDR,0
QDFRCTTK,0
PKLKWDNQ,1
LSERPPEP,0
MQKRHTFT,0
NAGRAAQY,0
SSERATGT,0
KYARFEEK,0
PGSRVAEG,0
RQKRFVLS,1
SALRDESD,0
RHRRALDT,1
QTTRVNVE,0
VASRPDGT,0
VHLRPGKV,0
YWLRQRQA,0
QEARNMLL,0
GKDRADTE,0
LVHRDEET,0
VKIRPDVV,0
AASAPAAV,1
SSSRAHMQ,0
SPGRYSNE,0
TAWRRGWW,0
NCYRRFEQ,0
DVTRRIFP,0
LVERLDEG,0
YLIRLFAG,0
VMGRVMSS,0
LGVRTMRL,0
LTSRRALI,0
YLLRQKNV,0
CLARPTSQ,0
MHSRFIAV,0
FLKRFAEA,1
TILRLFIN,0
TVLQQQYN,1
RAPRSPKM,1
NSFGLRFG,1
VTARQVLQ,0
VDVRGVDD,0
NSYRGILN,0
AERRKQQA,0
NCMRPENC,0
AIARATEE,0
DYQRLYEF,0
EAHRSLEQ,0
VLLRVLYP,0
RSSNIRTS,1
FDFRTTEP,0
PIRRRRRR,0
SAIRKGAN,0
SSDRKPKE,0
APRRYCVR,0
NPFRPLEL,0
RRRRDAGN,1
YTVRTFAL,0
QHYRETHL,0
RRRRHAGE,1
RERRVHRE,0
LPGRENKI,0
RRPRLRRL,1
RNRRHVTE,1
QILRSLEF,0
PVYCTGVS,1
RQKRSVAL,1
RSKRSVID,1
RKRRAPLA,1
QKVRGTKT,0
RKRRSTNE,1
LDVRMINI,0
VLARGDLV,0
RTRREAIV,1
TLPRPKDE,0
EFVRDQVF,0
MSPRAPQR,0
TNQRDFSN,0
NFKRRSTV,0
YFPRNVTM,0
TAFRFFTW,0
TYGRRIPT,0
KAQRCPPN,0
GIIRKVCG,0
KPSRCIKL,0
VEMRPDEQ,0
RILRQTLD,0
LLQRLDGG,0
TIWRRVTG,0
ARERAKHS,0
VLYRYLRY,0
RKKRSTSA,1
RKRRSTNE,1
YAHRKRRK,0
EEPRALYI,0
KGKRLSIF,0
PLLRFPSF,0
NAPRQGEL,0
RRKRYTLT,1
GRKRRQTS,0
YNKRSRKY,0
NLRRMLVQ,0
VQARRVWK,0
PTARRKSP,0
RARRHAAD,1
ADLRSYLE,0
HTTRKSCT,0
QLKRLEEK,0
RKKRGLFG,1
RRKRSIEE,1
QWVRAMHK,0
RSRRSLTV,1
SEVRGPYE,0
PSARIVGG,0
HLKRDTED,1
PAMREDLP,0
RSRRSPRA,1
ISDRLSVI,0
RRKRYTLT,1
TFVRVHTK,0
KKRRPVKV,1
VIERGTYD,0
QKTRCVNG,0
SPLRIKHR,0
GSIRKLAS,0
CTGVSAQV,1
QERRPVQA,0
FSLRDIVE,0
LLARVSEG,0
RKKRFVSS,1
GESRSQGM,0
IAYRGNCK,0
CRLRNGIC,0
ESCRPGYL,0
LSPRSCSK,0
YTNRQGLR,0
GERRERRR,0
VRFRVRAA,0
QNTRVIRS,0
TGARVALA,0
ELIRAFER,0
RRRRELEP,1
RRRRELEP,1
KHKRQMSV,0
QIERLLAH,0
HFARGSMN,0
RAKRSPKH,1
QGLRGLTR,0
YPGRKGRK,0
DPDRYGTT,0
RTKRDVYQ,1
IENRIASQ,0
NLMRRSTV,0
KYYRAILE,0
VARRKTKA,0
IYFRQSGA,0
ETDREKEV,0
GISRLYWS,0
QAGRPGPA,0
RRKRYAIQ,1
KKPRCGVP,1
RAPRSPKM,1
YHYRIWSL,0
RLIRVWDS,0
ERAKIGQG,1
VWNRVWIE,0
KFFRFFLS,0
EMLREEVE,0
NFCRWQKN,0
FFNRLNWL,0
RHTRQGEF,0
LEKRIENL,0
DGYRMVQQ,0
RSARSPPG,1
RKRRAVLT,1
TTSRDTVV,0
HLIRQYFI,0
LRSRPVAG,0
VAYRRMEG,0
RKPEVLRP,1
RKKRDIYT,1
LQLRQTFE,0
NNSRLGNG,0
KLTRDIEK,0
ELSRIYGT,0
YVQRDIAS,0
LRLRELPW,0
RQKRSVAL,1
QAVRALPN,0
VEIRTRSG,0
DNSRNEAL,0
RSKRSVID,1
TACRPHNG,0
IIPRNKPQ,0
KRSRDQVV,0
GHHRPEFS,0
NGGRALRC,0
GGRRRGRL,0
NCCRWEGL,0
ENNRSLKK,0
YQPRDVVT,0
PAKRDLLQ,0
GRLREKCF,0
ADGRSCET,0
AEKRVSYG,0
TNFRRLFE,0
RKKRSTKK,1
AIERNKGP,0
RNKRSKSN,1
SHLRAVID,0
DSDRDSDS,0
FLERVASS,0
KQSRRYEP,0
VFERKPMP,0
LIIRPREN,0
RQKRSVEN,1
DAYRHFIK,0
TTGRFALY,0
ASDRISRI,0
DTTRFTGD,0
TWSRHGES,0
FVRRVKRR,1
ILHRIIAN,0
MFEREVRN,0
FNYRLSRA,0
PLFRLVEQ,0
GPVRGLNT,0
MHGRVDPK,0
GGGRGIDQ,0
RSSRIAGR,0
APLRLITP,0
RHTRSAED,1
PGYRGYQY,0
YITRAKLV,0
GSVKAPAK,1
FKPRSTME,0
LLVRKNIF,0
TRTRHDEY,0
PYNRRFSA,0
LGDRVEIV,0
TALRYNIH,0
MKTGALLL,1
APPRPPAR,0
PLPRWSGP,0
GSCRLVLS,0
SGQRESEG,0
RKPRCGNP,1
YVWRECQH,0
YQKTVPVE,1
YADRASTD,0
VLLRRKFI,0
CAGRLEVF,0
WGRRSCQQ,0
GHHRVPVY,0
PLRRLPVS,0
AGSRLTSE,0
RHQGVMVG,1
DVWRLYDT,0
MGSRLYSV,0
RRRRGQKA,0
RVRRSVGS,1
RTRRQDIR,1
KSARSVRA,1
LSLRLCSA,0
DTVRALMY,0
QASFRGHI,1
APQRPASW,0
EVTRSLKD,0
ISKRSTEE,1
IGNRTPVS,0
GTWRQGDV,0
RRKRSAAL,1
TKLRALYL,0
RKKREITE,1
SLIRTFLN,0
SCYRSELF,0
QEVYGMMP,1
PPSAASAP,1
RSRRGVSE,1
DPRRTNTS,0
QMVRMIKS,0
GIRRRSNT,0
HMDRYPFG,0
FGVRLARI,0
RLKRAVSE,1
GGGRDGRG,0
HLGRLSDA,0
EVKRILEN,0
INGRIRRM,0
EAEREKKR,0
RRRRQLDP,1
PHKRDAPF,0
NALQFQKN,1
VTLRQASS,0
RARRAAPV,1
SFLRRWYS,0
KVFRLSST,0
QWLMNTKR,1
VIYRVRVR,0
CMIRTEGG,0
TIHRSTGT,0
LSPRSHNT,0
AGLRAWTQ,0
GVQRFRTE,0
ANSRRPAE,0
NRARRLAA,0
IQGREREK,0
HKGRPGPR,0
KSSRASNP,0
ANDRLTST,0
MYLRLYCG,0
VAARKLFA,0
RMKREDLN,1
DIIRVCCP,0
MLFRSALL,0
HPDALNRF,1
WCVRRNFL,0
GARRGHSL,0
EPERLARV,0
RQRRAAGG,1
NISRIETG,0
VKQRASFK,0
IIRRSIQI,1
FGLRTDMY,0
LTSRYVAA,0
TTNRKFED,0
TFSRMPEV,0
RKKRFVSS,1
GPSRGGRT,0
SVGRFKRF,0
GSQRTTSP,0
EEYRGNLK,0
RQKRFVLS,1
SNKRRNHY,0
SQNRRTKA,0
AALRDVRQ,1
YLKRLENP,0
RLKRAVSE,1
MGPSSSPI,1
LGTRQNIS,0
VGMRIDVA,0
QIGRGYVA,0
RQKRGIVD,1
GGSRRYFS,0
LSERWSFP,0
GGNRSWPW,0
RSRRADAD,0
GKPRPPVL,0
HSSRPVSM,0
RHKRFAGV,1
QDKRAVKR,0
QQKREAPS,1
AEAREAQT,0
DFIRKQCC,0
RQMRMPAP,0
SGGRLPPS,0
HHRRQLGP,1
LYVREKDE,0
LKSISERL,1
LKSISERL,1
LYTRHSVY,0
RTRRQDIR,1
PDVGLLKL,1
TKGRVRFM,0
LHCRWLRL,0
LRSRLGDK,0
EVVAAKKS,1
AEDRLFKH,0
RVRRSVGS,1
EIKRVGKD,0
PIQDPQPT,1
ATVLMTED,1
GGSRPNGR,0
IVVRIMEF,0
IRERGFYN,0
PGARVPTL,0
NDDRCNMK,0
GLKRDALT,0
ADGRIVVI,0
DEARKLRD,0
GTLRKQEV,0
QKYRLDAN,0
SEIRNDRM,0
FPLRAHGS,0
SFERSVLP,0
TIGRRGYA,0
GEKRFFKV,0
RQPRGWEQ,1
RDIREHGF,0
RGRRSLGS,1
RKSKVDLD,1
TGCRPRQA,0
SSTRLHFE,0
KTNVKAAW,1
EARRAVQK,0
SSGRQYAQ,0
LSTRYQAT,0
GLKRSPQL,1
MYPRGYPY,0
FWKTFTSC,1
RRKRSIEE,1
DIGRLMDL,0
ERDRCLPC,0
GGSRLQVQ,0
RMKREDLN,1
GTGRDGSP,0
QMKRLKPV,0
IIRRSIQI,1
ISKRSTEE,1
LDLRLTEE,0
RHKRETLK,1
RHRRQIDR,1
FQGRSYFE,0
KNKRYLAT,0
VTIRELAE,0
SKTSNIRA,1
NPQRFDRI,0
VGVRLLCE,0
RTKRDVYQ,1
RESRRLPP,0
RLLRFGAL,0
LRCRATGE,0
AVERKFIV,0
LNSRYGTI,0
AELRTWIE,0
SDIRMILC,0
GFGRFLID,0
QVHRTGYH,0
RARRAAPV,1
RPMRGYGT,0
VVGRVAAG,0
NSLRSVPP,0
ITKRDLAL,1
VCPRYTAV,0
ITKRDLAL,1
VLARALYE,0
VDVRGAET,0
RVRRHSDP,1
ITKRDLAL,1
MNLRKLRL,0
KKRRPVKV,1
QGTRYIDE,0
RIHRAKTI,0
GCLRYRTS,0
LLKRSLDP,0
YILKRQLY,1
MKDRQSAA,0
AQSRKQRQ,0
RRRRDAGN,1
KGGRPLSL,0
LSKRHLNL,0
NGKRIIAV,0
VQNRQSIM,0
FIERSKAF,0
SLARHLRL,0
RQLYENKP,1
SKSRVQLF,0
KQPRCGVP,1
KQLRVVNG,1
RNKRNSKM,1
RVLRKRDV,1
YRCRQFYR,0
NARRSAPV,0
SWDRAPPS,0
LDRRSQGG,0
NAPRFVLW,0
GSVKAPAK,1
RWSRVGGQ,0
GGERVREV,0
DLCRKEQE,0
RSKRSLSC,1
ALNRVPVG,0
RTKRSTDG,1
FSPRLYSK,0
SPKRSIRD,0
RADRKTKL,0
GPVRRVHL,0
PLRMEEPS,1
FGKRASWA,0
FKIRGATS,0
AKGRFYRH,0
RDKRAGFE,0
YNPRQHQC,0
LWARYQDF,0
YGKRHKED,1
NPLYKEAT,1
AVGRGRPA,0
PTLRLEGV,0
GLDRDESL,0
RRERSSSG,0
YPHRVVLD,0
YGKRHKED,1
LRGGGGLR,1
EAMREVKQ,0
RKKRFVSS,1
RRLRWSVL,0
WHMRVSHL,0
ADDRGGGS,0
PEKRQLWQ,0
FILRLAYC,0
TCTRLYSV,0
GEGREIAE,0
LGGRSKIE,0
SALSSSRP,1
PENNVLSP,1
LIWRGREW,0
CTARFSVS,0
RRKRSIEE,1
KSARSVRA,1
NTVRMQLQ,0
LGTRKELQ,0
EAQRLFKD,0
VKMREKQF,0
EINRGRTQ,0
RHRRALDT,1
RRERWEQR,1
NNRRYHAC,0
EKLRKWKV,0
EAVRRHAR,0
HSERAGAP,0
RAPRSPKM,1
RKKRGLFG,1
DAIRRIQG,0
RRRRYSLS,1
HSKRRLIF,0
AAPRRRPR,0
KGKRVLVM,0
EIERMVEE,0
RAKRFASL,1
IYTRCKLA,0
RRRRHAGE,1
RVKRRADP,1
KLVRSIQS,0
ATHRNLGV,0
NPKRWSKP,0
WELRHAGQ,0
EELRRLGL,0
SPSRKDIQ,0
WSVRTYEE,0
EKERRRDR,0
SLARQPRA,0
SPVRILSL,0
RNKRAVQG,1
LLLRNSTK,0
PVHRAATG,0
GLIRERRL,0
GPLRNESS,0
IVIRDPYA,0
KELQEIRL,1
RSKRSSSH,1
SRQRRNPI,0
FARRVLGA,0
SGTRYSTF,0
FGDRFDYE,0
PIERPKSV,0
LALRFARL,0
MAMRCVLV,0
TQGREFCQ,0
GVLRRPLE,0
QSIRGASQ,0
EAIRTNLV,0
KENRNHLL,0
AAYRLEDT,0
NGRRINTL,0
GAKRRGPR,0
DSERFRRA,0
RTRRQDIR,1
LPSRLSAS,0
WTNRAQFK,0
RTKRDVYQ,1
SLLRQRAR,0
QAIRARKA,0
KDSRAINV,0
RRRRELDP,1
DVARNRGY,0
RLKRAVSE,1
FGLMGKRD,1
LNGRKGVP,0
KSTASWAE,1
PEIRPVAL,0
DYVRINAL,0
TVAEKTKE,1
PDLTAALR,1
VENRTLER,0
RKRRAVLT,1
PKLTAPKI,1
DLRRQFQP,0
LASRAARM,0
ATDREETP,0
HLRRIESY,0
ETARKFLY,0
QPKRLLSS,0
LEMRNIRL,0
ITFRPDSG,0
HLLYYSKS,1
RRRRELDP,1
VAFRDRKL,0
KSRREVED,1
PSQTRAPH,1
RQKRSINL,1
EWDRKQTH,0
CKIKTERA,1
RHTRSAED,1
MFNRDQPS,0
VRKRDVHV,1
CITRCNVG,0
GMLRARYT,0
LQKRGIVE,1
IDLRYKDI,0
RSIRDDQK,0
MAGRTRKY,0
TQKRDPKT,0
SRQRSQYT,0
PGLRETRT,0
RSRRVRLR,0
NTKRNRNN,1
EQGRKLSV,0
VSFRSRAF,0
TANRLQNV,0
RSRRAATS,1
LYQRLRGA,0
ESTRWKFC,0
SELRAMRK,0
DFWRSGKQ,0
QQKREAPS,1
ERLSVLKG,1
NYDRDKAW,0
EKKRCKLS,0
CCLRHFLC,0
QQLRCTEA,0
VRKRDVHV,1
TVTRPWKH,0
KHNREAQD,0
PGGRPGPG,0
AASRKQGL,0
RSSRLLAG,1
VLPRNKYL,0
GFARLKSK,0
HDQRDWDF,0
YGRREWRA,0
AAFRWLST,0
YTLRRIVR,0
RETRYVEL,1
LNDRVMRV,0
SFLSNVKY,1
GVIRLLDP,0
PTGRPGVT,0
LLLRGFIL,0
MSQRNCSK,0
GAVRDRLL,0
DRARLVSP,0
QLVRCCPC,0
RFRRSITE,1
HSKRHIHK,1
QARRWHQT,0
TEYRSGSV,0
NILRVNEM,0
KVTRFPHK,0
RVRRSVGS,1
AARRIERL,0
KLRRDTIV,0
AVTRGRST,0
KDKRYGGF,1
RHRRALDT,1
RLGRQLHN,0
DFERMRNI,0
PNIRGLSD,0
CRERNRIA,0
SMMRVLPA,0
MLERSSSS,0
KTNRTNKP,0
PLSHRSKR,1
EIVRGDVR,0
RVAEMRGE,1
VTLRLQNT,0
AANRIKLG,0
KVKRQALP,0
GVGRWDIS,0
MDIRLPQE,0
EIIREAAL,0
EASRNHKL,0
RQKRFVLS,1
DRCREGHV,0
PEYRKNFP,0
LNERKKRA,0
EGVRKIAR,0
DDFRNFAR,0
QPRRNTVK,0
LGYRVLGM,0
PEPRSLSL,0
STNRPLLS,0
QLERAATA,0
LLRRRFHR,0
RRRRELEP,1
QVLRVQEA,0
NGTRILNK,0
VCVRPGEC,0
EVIRNDVA,0
PDYRDIID,0
IITRIGER,0
DSNRCLQE,0
GLKRKTVT,0
VQKRIELA,0
FSARIFLR,0
PVARNLSL,0
NADRTIVV,0
GGWRDGAG,0
FIFREEDP,0
TRYRSEKM,0
RLARYFSS,0
VGMRKLER,0
RGQRTRTN,0
KDLRAQPD,0
DLERPGNR,0
DVDRNKFN,0
SRPRVQPD,0
DEGRHRTG,0
FMKKDAEE,1
WATRGEPE,0
DLLRKGAY,0
VVQRQHML,0
AQSRIIQV,0
NCSRLFVK,0
HMCRLDID,0
PYRRPLID,0
DRVRQSAD,0
RRRRELDP,1
AYLRKTFE,0
ASERRELK,0
QDLRIPLS,0
TQARYFWQ,0
GASRYRGA,0
RVRRHSDP,1
PPGRGPRV,0
TVLQQQYN,1
SHCRPRRA,0
LDVRNGGT,0
LILQLCIG,1
YSDREIEV,0
KNSRVLLS,0
RNKRSKSN,1
YQERLLQQ,0
LWLRTEAR,0
INIRKKVA,0
RQPRGWEQ,1
ENLRQLCV,0
RNKRNSKM,1
RNVRRREN,0
HHRRQLGP,1
ENHRGLKG,0
ELCRGGEL,0
DDPRCPIG,0
VVRRPETL,0
PLNRPGLR,0
PSRRMKRL,0
LIARMGGE,0
DFIRRRNL,0
GDNRHLRS,0
SLFRHLNA,0
DFLRSCSI,0
ATGRGVLV,0
ALIRTGQA,0
ENQRLVSQ,0
RQKRSVAL,1
FFSRGSKQ,0
KKTRKISQ,1
GPDRPEYE,0
KQPRCGVP,1
FAERVVFM,0
VSIRGLDS,0
RLPRETDE,1
YGLRNKKE,0
LDPRANDF,0
ARARVTIE,0
PHDRFPIT,0
GVRRVAAV,0
STVRPHTE,0
LLVRIDIR,0
NLTRWNCI,0
CESRNASL,0
ENGRATGG,0
KGNRTESQ,0
RQKRSVEN,1
EFKRELTG,1
IWLRTGPG,0
RSRRSLTV,1
QVERAYRM,0
KFVRGSTF,0
TFSRNAIN,0
SISRIMSL,0
VPVRRSLK,0
EIHRHALN,0
ESWRFAHK,0
PRFRPISV,0
IINRLSQR,0
LPSRRDVY,0
EFKRELTG,1
VQVRSINW,0
EEERFRDV,0
GTLRDTEM,0
KCVRRGDL,0
DLVRRKVL,0
KDLRDKYE,0
SLKRFGNS,0
KKPRCGVP,1
SNKRQGGS,0
TEQRCSVP,0
AEQRCVSR,0
KQLREANV,0
RRKRSIEE,1
IIPRTQES,0
RRRRQLDP,1
LFQRLAET,0
EFKRYEML,0
VTKRSLSP,1
RRARSVDG,1
RVRRSVGS,1
VDFREAGE,0
GTLRRHKS,0
SGARYAGG,0
RGRRSLGS,1
KPLREKMK,0
IAKREGAG,0
SRARKIFE,0
ERSRLVSI,0
DQPRGFTL,0
CASRLVLL,0
EKRRAELS,0
IKKRVNQI,0
NLERDDHC,0
KYKRAMDL,0
CMFRTCSC,0
FIHRSSKW,0
PAGNKVIS,1
RMKREDLN,1
SQVRLPLG,0
KPPRDGGG,0
EQCRRIFG,0
FAERMTGN,0
RNKRSKSN,1
KGGRDDIS,0
TDVRAAVY,1
VDVRRVLS,0
GLERIPDQ,0
AYQKTVPV,1
EDLYKRYG,1
RDRRQIFL,1
FKKRVTDV,0
RNKRYALT,1
EFKRELTG,1
ETSRMIVR,0
RETRYVEL,1
FLGRRDSR,0
TLERNTET,0
RKRRSTNE,1
MATRVEEA,0
GNNRLKTP,0
NMTYGTSP,1
YPSRQMVS,0
FGLRLGVR,0
NTQRCRDH,0
HLKRDTED,1
LSMRQPLC,0
RQRRAAGG,1
QSGRIVVD,0
PWPRALEV,0
ILGRGTTD,0
VANRLNKN,0
TMIRANLG,0
LQGRPVRT,0
KTRREAED,1
DISRIRSN,0
RDRRQIFL,1
RFRRSITE,1
MNAKWDTG,1
QIIRLPSW,0
AEYRSDVT,0
FGPRDSIM,0
AASREEVL,0
VTVRVADI,0
EQPRSEFA,0
GNSRRKGD,0
QGLRIKES,0
NKGRGRAT,0
LIARGESD,0
SRLGRIEA,1
RKVRDLQE,1
NDKRQLET,0
SANRSPET,0
KTKEQVTN,1
ASPNVQDT,1
DAGRPRVI,0
ISVRAALG,0
QDMRQKQS,0
NKLREVRE,0
TKRRQARV,0
AMDRGCKG,0
EGFRRFRR,0
TEKRRRAK,0
DEQRYVFK,0
CDKRGASL,0
QQARTEVP,0
MVRRPFNF,0
DRRRFMQA,0
PRKRLTEL,0
SSARPQFH,0
RAKRDVYQ,1
SGLRETSS,0
SSGRFFIT,0
MPGRYQQE,0
CTIRNLEY,0
VKMRRLSP,0
NLNRSVPY,0
YDPRKSKT,0
GIDRSVIE,0
MIKRNETE,0
RKKRSTKK,1
RQLRTPVL,0
RQKRSINL,1
PVVHFFKN,1
GILRRQPL,0
LSNRPSFN,0
CRPRSPAG,0
RQPRGWEQ,1
GAGREDVW,0
RKKRSTSA,1
AAERAAGA,0
DLLTSPDV,1
QYLRVSGP,0
EEKRISSG,0
EETRARLS,0
EVERLTCE,0
LIARVPVV,0
ITERKHEH,0
RARRAAPV,1
RSKRSVID,1
LQAREFLY,0
GILRQRTI,0
RGRRSLGS,1
ALRRLVLY,0
VHARHILL,0
VDERANMA,0
HWSYGLRP,1
EGMRDIIT,0
GPMRAFHG,0
MPLRSLQY,0
EDDRGNVV,0
SASRHELS,0
RQPRHLVL,0
RVYRAQFE,0
EEYREDLT,0
SYERYKAM,0
RLPRTVGL,0
EAVRMADD,0
SWSRVYCS,0
LTGRHETA,0
SSRRWCRT,0
LKRRRIEC,0
RNKRSKSN,1
EHRRYLLR,0
GLLRKEEP,0
QKLRLSFQ,0
CTQRIKWK,0
KNGRASAA,0
VLKRFADV,0
CPPRSSYN,0
AQSRPFPS,0
RHRRQIDR,1
RIERMLRL,0
RKRREAGS,1
SGFRREGS,0
PLDRETKS,0
IELRAEVS,0
QVVRSKVP,0
EPYRTSVD,0
GSRRKVFL,0
RMKREDLN,1
STPRRFSR,0
FQCRDRTM,0
QALHSQPA,1
GRVRGVRR,0
RLSWTAEE,1
ITVRVTVE,0
YSLRDLPR,0
GVNRVELV,0
ISLMKRPP,1
KQLRVVNG,1
PGGRVPTE,0
QDTSGTSP,1
TKYRYEEG,0
VDSRDTSL,0
EGLREVPD,0
TVKSSKGG,1
EKKRRDRE,0
QGSREQIK,0
EQFRREGF,0
AQRRTSGT,0
RQKRSINL,1
PQLRESLL,0
ESKRPSEM,0
MVQRLTLR,0
RKPRCGNP,1
RVRRHSDP,1
TQEKREIG,1
MATRDVVN,0
CGTRLGVS,0
LFHRDFQF,0
HLKRDTED,1
TGKRLMDA,0
SEDRRLVI,0
FRSRTKSG,0
TSLRSDWS,0
RSRRSLTV,1
RTKRDVYQ,1
NIVTPRTP,1
QTTRRRPT,0
GPWRGEDE,0
RKKRGLFG,1
DLAREMQL,0
KESRTPTD,0
SYARALQN,0
RTRREAIV,1
CEMRWFLE,0
TQIRVVKA,1
YTVRSGDT,0
PACRLCLL,0
ERERFSIV,0
GFRRLKEL,0
PSYRKFIK,0
RRKRYAEH,1
RGRRLEET,0
AASAPAAV,1
YTLRGTSI,0
LYSRVKGI,0
VNGREICN,0
VVTRGAGD,0
FRTRKEAA,0
SSIRQLEA,0
FMGRSSFA,0
RAKRFASL,1
ERLRNAGK,0
PEKRTISR,0
YRRRKGKS,0
LLGRLCGD,0
VTKRSLSP,1
VGKRRRAE,0
TELRNIFG,0
WLYRAEVA,0
KTGRSYLI,0
DAGRIAAQ,0
LVGRFPSN,0
RLHRLNAS,0
ELFRPFGS,0
IAQRNYRV,0
CKKRWLFF,0
IPSRSGDI,0
DLPRFTLF,0
QMKRRLMM,0
LAIRAIHN,0
TTERLETN,0
DEDRGSWR,0
RNRRHVTE,1
AKCRLHLR,0
GLERLSVV,0
VMERLHLA,0
RLPRETDE,1
TLKRGSPP,0
EHSRSHGG,0
FTGREITK,0
FINRNKLE,0
TVTRSSDL,0
KKERKKEG,0
WPRRLLLR,0
PEEKSAVT,1
MLTRGMIT,0
VKKRSVSE,1
KGSRIQQI,0
ALQRGVVR,0
RRRRELEP,1
LPSRGQTP,0
IVMRLLSA,0
IDTRLRDK,0
LSARAEEE,0
IAGRTRNG,0
RQLREQIA,0
ATADTDEE,1
RKPRCGNP,1
GSSRAERC,0
RLRRRGNS,0
NAARFYKW,0
CAKRFSPP,0
RQKRSVAL,1
RTKRSTDG,1
RYVRVLGN,0
HLCRGWAE,0
PATRTWSG,0
RSGRSLGT,0
ATARRLDK,0
LAQRVLTE,0
GKPRPWCY,0
RHARDVFT,0
KASRFLCQ,0
DSLRKALA,0
ILMRYPFE,0
RSKRSVID,1
RQRRMNAR,0
RSKRSLSC,1
KKRRPVKV,1
EFKRELTG,1
NAARPTSA,0
RSKRSVID,1
TVLRFISG,0
KSQRSKKA,0
RKSRVVDL,1
HLHRIVTH,0
MKERLASL,0
AVLRSFYE,0
LFDRIIQR,0
SIGRTVTD,0
VTCRTDMA,0
SDLRHMDT,0
ELERRQHI,0
QGVRESDG,0
GAQRALRG,0
QKTVPVEA,1
RRKRYAEH,1
QLNRIPLV,0
TAHRIKRA,0
GSLRKPGQ,0
ALSRPMQR,0
RTRRQDIR,1
RKPRCGNP,1
RLPRETDE,1
RRRRDAGN,1
EQKRIDGT,0
VSYRELQP,0
SRHRDTEN,0
ITVRPGQR,0
RQQDKERL,1
TAQRQKKE,0
GLGRTFDG,0
LPRRWTQD,0
ADLRVSAM,0
SSPRYDVT,0
SWIRQCLK,0
LDVRIPVN,0
RGKRFSQS,1
FNYRHVSN,0
RTVREAPS,1
RRRRELEP,1
QEIRLEPQ,1
NTKRNRNN,1
EGIRQYGK,0
ISDRIPPL,0
SRERREIT,0
IDRRMKPF,0
RELGLGRH,1
RFRRSITE,1
HLVEALYL,1
LSVRQESV,0
RKVRDLQE,1
GEARGSVI,1
LESRPLMF,0
PARRDVLP,0
GALRPQEE,0
KRDRRGCF,0
AARRIYFE,0
CHPRCTEH,0
IQDRAGRM,1
RNERSAPE,0
LLPRRAPP,0
EVTRDFAY,0
IRGRLTDD,0
EVSRDLMD,0
RRKRYAIQ,1
DALRHLFT,0
NWERNPSI,0
RQARQLPI,0
FMPNLVPP,1
EIGRGVFG,0
VDNRLVEN,0
AFARVANW,0
KTLRISTV,0
RDRRQIFL,1
ATSRTLCA,0
RRRRDAGN,1
LNERVSFA,0
LIPRNTVI,0
RSDRQTGE,0
AGERYKNE,0
SLMREPEA,0
GLKRGVQD,0
MRRRIDEE,0
FWHRAVTK,1
GKDRTSIR,0
RGRRGLSF,0
DIARLQRF,0
GFLRLALS,0
DEARRQLL,0
TPRRSKGS,0
VSRRTFLG,0
IINRRSER,0
LPLRMEEP,1
GETRNQRW,0
SMVPIRVM,1
VSARMAPE,1
QDMRTECD,0
RRKRYAIQ,1
TVAEKTKE,1
RARRHAAD,1
LSIRSCKC,0
EEARHGTF,0
NELRDGAC,0
TLERVVYR,0
MPCRTASC,0
HGVRQIRT,0
YFLRADEV,0
PLFKSATT,1
PITRNSSN,0
RKRRAVLT,1
EPPRRGPP,0
DGIRRKLD,0
QETFSDLW,1
SEWRNLIE,0
KSARSVRA,1
VKKRSVSE,1
AKMRLKAA,0
AYLRFDEY,0
KPDRSHEK,0
QWLMNTKR,1
ACQRFIHR,0
GKIRALAN,0
RKKRGLFG,1
NAPRHRRS,0
PILRDLSL,0
DTTRHAHY,0
SMIRQPKP,0
RVTRKPRQ,0
RHTRSAED,1
FDGRFIPL,0
YIMRPIEY,0
VFLRGSVS,0
LLIRRNLA,0
GKIRHKNI,0
IVGRTIPV,0
PARRKRNR,0
KEARSLLS,0
ITLLSALV,1
DGKRTDKL,0
AHRRFNFD,0
QPEAEELE,1
DNFRSSNG,0
VLERFDKR,0
PLYKEATS,1
RMKREDLN,1
GGVRDSID,0
RKRRSVNP,1
TKKRLQQE,0
WHLADSPA,1
RTRREAIV,1
RFRRSITE,1
AMIRRRAN,0
HEVRDKLR,0
RFRRSITE,1
EGVRKGWS,0
LPTRASRS,0
VLRRTASD,0
RHRRQIDR,1
GLKRSPQL,1
TSYRLIES,0
ILKRASYY,1
MKRRDVML,0
SGPRRHGP,0
EIERALDL,0
ETARWITV,0
GLLKLASP,1
KRSRSFNS,0
LPPRPPKV,0
HGRRCQSF,0
EGSRFLSA,0
AARRVGAY,0
LRLRQGIC,0
RTRREAIV,1
AALQARRG,1
TNKRGERR,0
RRKRSAAL,1
KKRRMVRE,0
SVSRRYKQ,0
NCVRELRS,0
DEMRQKDP,0
SLQRALAG,0
RHKRETLK,1
YAKRPVQT,0
FLYRYRDD,0
IRDRKTIP,0
ATQRLIDL,0
LNLRSTLR,0
GPIRKVSN,0
GGGRNREL,0
NGGRNLNS,0
SLHRPCRT,0
DSGRFSAT,0
KKARKTPK,0
REGRLELQ,0
SARRLCLP,0
RGERRQPV,0
ANMRCGVQ,0
IPYREDKN,0
LYARHWRT,0
AQSRAFVS,0
VGQRVVSA,0
QIYRVEIL,0
RATRDPFA,0
LTDRSRLG,0
ARSRGLVV,0
DLDRDVGT,0
RRKRSAAL,1
TNRRTTPL,0
RQKRSVEN,1
SEDRTRKL,0
TISRIEAG,0
YCVRRKVR,0
VIERLKQR,0
GGKMKVNG,1
RKSRVVDL,1
MCGREYPA,0
YRVRGNIV,0
RRRRAVTV,0
RKRRSTNE,1
KSVRANNN,0
RRKRSAAL,1
KSERDVST,1
RGKRFSQS,1
RRRRELDP,1
RHKRETLK,1
RSPRPPCR,0
LQCRACDC,0
VNIRHLML,0
RELGLGRH,1
LPLRLRGA,0
IGGRMLDL,0
GFLRRIRP,1
LNIRESDF,0
QLPRLTAR,0
DGIRTNLK,0
EASRNSRS,0
KLSRRIYL,0
QVGRLGKS,0
KDYRGKGI,0
SNARLAGV,0
RGHRFMGE,0
FKSATTTV,1
VMNRIFKL,0
MSLRGMDI,0
GSDTIKPN,1
QQLRIIRC,0
QTKRQTTT,0
PQRRALFN,0
HQGRGPVE,0
LHWRRLLS,0
TNIRVLGG,0
FMKKDAEE,1
HLFRPATV,0
KKPRCGVP,1
TGKRVAED,0
RTDRKDYN,0
FINRLSQT,0
KLRRYKIF,0
HGGRPYLR,0
QWIRENIT,0
RQKRSVAL,1
QNKRVNNT,0
SYCRKIGV,0
DALRPRDK,0
PPHRNRGD,0
RRRRDAGN,1
YLDRLLLM,0
VENRGLKA,0
DATRPEAT,0
RHKRFAGV,1
APPRNVTL,0
IPCRKHDE,0
TGPRKNQI,0
LYDRYRLV,0
NKKRELAA,0
KIKREIDE,0
TSTRFTFR,0
RLPRETDE,1
STLRITRT,0
RKKRGLFG,1
RHTRSAED,1
RRKRYTLT,1
IIKRITED,0
KEVREVWF,0
RETRYVEL,1
MRERKYDG,0
VEIRKEGK,0
MAVRHARE,0
PRDRALRT,0
RNKRYALT,1
SFTRRAAT,0
VVVRRQAD,0
ISERNFRT,0
GFLRPILN,0
IIPRSQEC,0
DQVDNNTN,1
RVRRHSDP,1
RVGRPEWW,0
KHRRIYAG,0
VRYRVVEA,0
TVGRIPNG,0
KSERDVST,1
RAKRFASL,1
QLHRHVAH,0
DWVRQEQL,0
LRRRRKRY,0
ESERAVSK,0
VQCRMCHL,0
PPPRYNTL,0
SVSRMQVF,0
KISQTAQT,1
SQLRMINV,0
NSVREIIG,0
RSRRSPRA,1
RKRRSLGD,1
KERRCNTQ,0
LNCRNTVY,0
LTYRKEGE,0
IQERRCLP,0
DYDRGYDS,0
QISRIREQ,0
GSFRLYRK,0
VRKRDVHV,1
NKDRTQRQ,0
PYKRKKEG,0
KASRQDRE,0
KAYRKENG,0
GARREEPD,0
MGPSSSPI,1
PQWRATGA,0
WAPRQTHK,0
TFIRKVYS,0
KCTRHRIS,0
EGLRGAPG,0
VSDRHSGL,0
WGVRTKGS,0
EARRREAL,0
VNSRKNSG,0
KKSRMDCS,0
KIQASFRG,1
ELKRHYNL,0
LVDRLQVA,0
KLTRLREL,0
DEARAARD,0
ETLRGKGL,0
SSRRDAFQ,0
QFLRGWLN,0
TSCREGSA,0
YGKRHKED,1
LLERLNSL,0
IIRRSIQI,1
RNKRAVQG,1
MAKRTFSS,0
EFKRELTG,1
RNKRAVQG,1
LCDRVAIM,0
RRLLQERE,1
TVGRENVG,0
RAPRVKVD,0
RKRRSTNE,1
TYHRQLLG,0
GAPRINVS,0
DCIRWEYF,0
ETQRLFRE,0
VTKRSLSP,1
NNIRTCVY,0
KSERDVST,1
NNLRESFR,0
WAVRYRII,0
VKNRAWQY,0
WSYGLRPG,1
RVIRSQEI,0
SKPDLTAA,1
GAARPGTS,0
FQERHEVA,0
KQLREKLK,0
STLRYEVI,0
GWCRPRCF,0
DLARAPLK,0
DRVYIHPF,1
DAARLAPL,0
CSLRNVFP,0
YHDRLINT,0
LKEEEGEK,1
TRARAFTS,0
NVLRRALN,0
NLLRPPII,0
PIPRNEQA,0
ERCRHAYH,0
RARRHAAD,1
LPSRLVYY,0
DSSRTRAE,0
FIARDPEE,0
RRRRYSLS,1
GGLRDTMS,0
RKPRCGNP,1
DPVRGEVK,0
FMKKDAEE,1
FVAPFPEV,1
RETRYVEL,1
VTTREQIL,1
GYFRAGQG,0
APRRVRGA,0
EDSRRFNS,0
RSRRAATS,1
RGKRFSQS,1
RSKRRNSG,0
GQSRVEKL,0
EPIRHAKK,0
FLTRLQVH,0
HVARPVTS,0
VPARIPSP,0
YGPRCNKK,0
NSARPIGI,0
EAARVKRD,0
MFNRSAIF,0
RPSRPSTL,0
QRTRSNST,0
RQPRGWEQ,1
SLVRDGDE,0
RKSRVVDL,1
NGKRLDRN,0
LESRHFLF,0
TATRTPLL,0
LKIRVDQW,0
PYLRSVQN,0
ATTRLNVP,0
LDSRAAYI,0
LWQRILET,0
VKMDAEFR,1
EVIRMLTE,0
ERLAALGP,1
RPPRQLAP,0
RSKRSLSC,1
AAWGKVGA,1
LQARRGKK,1
ITERKCFC,0
VIDRQRIH,0
VLRRVLSP,0
VTKRSLSP,1
GGKMKVNG,1
IPFRTTYA,0
VIGRDNLF,0
QRPRSYSP,0
RLKRAVSE,1
TYYRLEEV,0
EMERQGLK,0
QGLRAEQP,0
KKPRCGVP,1
VAYRTSYT,0
RLRRLHQR,1
HRELVHPD,1
RTIRAPAV,0
DYYRVGGR,0
KGLRQIVR,0
ARRRVVVM,0
RNKRNSKM,1
FADRVSGR,0
NALRRVLL,0
DETRDQSH,0
LAERFTRR,0
SEFRKIQQ,0
KRKRRFLG,0
SRARPFQA,0
RKRRSLGD,1
ATGRFSNG,0
KQGASPNV,1
GHITRKKL,1
ACLRSASS,0
ENGRGWYT,0
RPSRGRGR,0
AQLRDSLN,0
FVTRHSRK,0
YEARSLRL,0
TDFRTGDN,0
LRKGRDPP,1
EVMRFMSK,0
NPGTKSKL,1
AHAREGFG,0
SLGRNGNL,0
PSIRLFVT,0
ELIRPHSG,0
PPDKPLSN,1
MKRRSSYL,0
RSKRSVID,1
DTVRQLCN,0
HNIRPKPF,0
HSDRVIGK,0
TRRRDGSP,0
TQDRAFPL,0
AVRRYGVV,0
HLKRDTED,1
EILRIVKA,0
YVYRPYRD,0
DLWKLLPE,1
RKKREITE,1
LKEREWQL,0
DVVRAGGA,0
HGPRVGKC,0
AQVQKQRA,1
DLGRQAQM,0
QAERKDDS,0
RPRRAKRF,1
LIRRMIRK,0
EQKRAELD,0
RQPRGWEQ,1
SNQRRTIL,0
LQTRSWGH,0
PDLTAALR,1
RKRRSVNP,1
VTKRSLSP,1
TKVRNNVL,0
KARRIEVR,0
PDSRVSEE,0
RQLYENKP,1
ADSRRLRR,0
KDKRYGGF,1
CADRYLLQ,0
ETLRNQGK,0
GALRPGAN,0
RNRRHVTE,1
GYYRVRGV,0
KLVRKDLA,0
CLVRMKQE,0
NTKRESDA,0
ALDRVAEK,0
EPLRYNVC,0
KCLRNKDA,0
RKKRSTSA,1
RPIRAMAE,0
RSRRGVSE,1
IELRQEIE,0
SFKRKKEE,0
HWHRPVLM,0
MTHRKACK,0
LIPRMKTK,0
VGERVLAT,0
LAGRKRRA,0
MIKRLKIE,0
EDLRDHVN,0
TSARVLNH,0
VKCRETVR,0
RQKRSVAL,1
MKVNGAPR,1
QIRRHFVE,0
DAAREGFL,0
RRRRDAGN,1
AEERTSAK,0
SKERTRGN,0
CISRAQEI,0
WLERRLLG,0
ILGRLVSQ,0
LFIRIMPK,0
FHARHYSV,0
HSQRQRPC,0
GYGRSSSS,0
VKKRSVSE,1
KQLRVVNG,1
AVERRGTT,0
FTYRGHFL,0
ARDRVTNQ,0
HHRRQLGP,1
GQWREGLG,0
FDARPKTE,0
VPIRVMID,1
ERIRRAAE,0
NLSRNRQY,0
EKVRYLSN,0
GLSRLFSS,0
QEYRTWNP,0
VQRRPGQR,0
EEDRDNVR,0
GCNRPVLE,0
GKVGAHAG,1
GRRRRAGA,0
RQVRQWSP,0
LMARKLRD,0
SVARLECS,0
SSSRRLHH,0
PDLRTLSP,0
LLSRAVTH,0
LRPRILQV,0
FTGRIDFK,0
SRLRVCDM,0
QPLRDTYR,0
TCGRIVCD,0
TKNRSGFI,0
RLLRIISR,0
VEERSSKR,0
TVHRSPEP,0
EILRDSTF,0
ESSRLLRS,0
YGKRHKED,1
YKYRCYKF,0
QLARTSER,0
RRLRGGTL,0
AFGRSDFD,0
LQRRRKIL,0
ALLRLLRN,0
PVVHFFKN,1
KEFRKHLV,0
LTWRRHHC,0
NPGTKSKL,1
ILIRIMVS,0
LQARRGKK,1
EFSRAVEA,0
QVQRLHGV,0
YAKRPRIH,0
IIKRYNFH,0
LDIRETSV,0
VTMRRRTL,0
FSFRGRTY,0
YLDRNLIA,0
DIQREALP,0
RCPRRCSD,0
VLGRPFSA,0
TFDRSMLR,0
YITRAQLM,0
YGKRHKED,1
RHKRFAGV,1
FMKKDAEE,1
GALLVLQL,1
LETRVHQA,0
LPSRPGAQ,0
IYTRVASY,0
FEKREAVV,0
GRNRDEGS,0
NNERHKGE,0
VKIRVVDK,0
YFHRLTLY,0
ALERYPLA,0
QLQRLMEE,0
FLKRFAEA,1
EFDRDVAV,0
KTNVKAAW,1
GDERWGCR,0
KSARRSGK,0
FKGRYNAK,0
QEVYGMMP,1
LLARLMLD,0
QTVKSSKG,1
DIAREFFT,0
EMTRQYNV,0
MGPRYGGA,0
MEIRCTEE,0
TAIRFRAD,0
RQRRGAGA,1
SRTRRVLS,0
EIIKPRSA,1
WMDFGRRS,1
RLLQEREL,1
SRDRKGSK,0
ERSRAAEQ,0
DESRHDAL,0
LYKEATST,1
LTFRKGVN,0
GCGRLELG,0
RKKRKGGP,0
DKTRAQTF,0
ENNREDNS,0
VTKRSLSP,1
ARSRESRR,0
PVKATAPE,1
SPIRGVDT,0
HVDRNLLL,0
ERVRREAM,0
LGRRAKYG,0
SFLSNVKY,1
KYYRIQKR,0
WHDRRKRD,0
GERREVLI,0
PHFRINNV,0
HHRRQLGP,1
RGKRFSQS,1
SLNRNHFQ,0
DRNRDSDK,0
RLPRLVEE,0
ADFRVSLS,0
ISDRSHHL,0
SAIRRSRV,0
YEGRGSAA,0
QQSRPTLS,0
FTMRSPFK,0
GKNRTVMT,0
RAKRFASL,1
ENGRAVTE,0
RRTRADLS,0
RDARTYSI,0
PLFKSATT,1
DVGEYNVF,1
RRRRELDP,1
SQRRGRTS,0
KFLRDGVA,0
AGPRAQNN,0
TGSRRKRR,0
GQDEEAVK,1
ADARAVFK,0
ASQRLVIS,0
RKKRTTSA,1
DYNRHAVV,0
TARRAGPC,0
RKKREITE,1
RQKRGIVD,1
GTDRNGWD,0
DDRRDVVS,0
NAFRLTVE,0
IAKRHDEF,1
DKPRYLVV,0
LIGRNKPV,0
GNLRKKMW,0
YDIRSAHN,0
LLVRGGSY,0
RETRYVEL,1
VGGRVTAI,0
TKSRYGLE,0
RHKRFAGV,1
GHITRKKL,1
QIYRYDLG,0
KEVRDAIY,0
CRQRNVNS,0
TVKSSKGG,1
KGIRKSIL,0
HRPRPRTV,0
DMVDSPQL,1
KSERDVST,1
VTPRTPPP,1
CPERCAAV,0
QAPRLLTK,0
FDTRPCLQ,0
QEKREIGD,1
RAKRSPKH,1
PENNVLSP,1
FGKRALTN,0
HIHRIPGL,0
KRNRIRSS,0
KSMRGGFL,0
FIPRLGRR,0
RSRRSLTV,1
RHTRSAED,1
RDPRVVDL,0
QGSREQGD,0
RRKRDLDG,1
PAPRRDNN,0
ALRRGGIP,0
PLYKSAIT,1
GIERPEIT,0
AQIRLLFC,0
KQPRVYTS,0
LSARDGSR,0
PDPRPDYN,0
LGTRLAAT,0
MVGRMSTQ,0
NRIQTQIR,1
SSVSSQFS,1
NLERIITL,0
HHRRQLGP,1
CYGRAITR,0
AALQARRG,1
QHLRIQGN,0
QKVRNWTA,0
PVKRKGKI,0
KLIRLGLD,0
AALRDVRQ,1
KDDRWIRI,0
LLCRVAQD,0
ALHRAAVD,0
RDIRAERA,0
AIGRIGDY,0
ELLREAES,0
FEARLLDL,0
ERQRSLFV,0
SPMSQTLP,1
DGQRVYDD,0
SLLRPAAS,0
RKKRTTSA,1
EVPRGPPS,0
RKKRFVSS,1
RVKRRADP,1
IFWRKKRT,0
DKLRALPL,0
RRNRQILF,0
EKNRISES,0
LCDRVDEL,0
TGRRGLGH,0
FLHRTLKE,0
EAGRVAIV,0
RHSRQALT,0
SYQLLKAY,1
LPTRLGPL,0
RSRRSPRA,1
TRPRKIKK,0
LHSQPAPG,1
GESRDAFN,0
FVIRHSNY,0
EEQRRRLC,0
NEARSGSL,0
FTRRAYVP,0
CCYRCNCV,0
RRNRVSSD,0
QRLRDLVR,0
LRKRDVSV,1
IQDRAGRM,1
NRGRAEVY,0
VRHRRPSD,0
IELRGLSG,0
PVYCTGVS,1
KDKRYGGF,1
LHQRSVSK,1
PFERPAVI,0
RGMRVVRE,0
ILERRNNA,0
QQGRVPWY,0
TNTRPFNQ,0
GICRVTCV,0
GNIRVYQA,0
QALHSQPA,1
IRPRAQGR,0
STIRNVLP,0
SPPRVVAA,0
SGKRREPW,0
EEIRAKYY,0
GQLRLVGG,0
AAERYLQF,0
TSFRRDLL,0
QQKREAPS,1
LHGRAPGF,0
TRCRPCGS,0
EEERREHV,0
IDERLASL,0
LDFRFGQK,0
PAKRVRKT,0
TKDRDNDK,0
SPLRALRA,0
NIIRDYLE,0
RRRRQLDP,1
YFKRASVL,0
ATRRLLIT,0
RRARSVDG,1
LAKRNLRL,0
RLKRDVVT,1
WSARTAAL,0
RRKRYAIQ,1
KIGQGTKA,1
AIVRRNTI,0
ADQLASAR,1
RSRRSLTV,1
YQKRAGLV,0
EAHRLLRA,0
LKLRTFSR,0
SKTSNIRA,1
MHGRAWPL,0
PSKRKAPM,0
RVKRRADP,1
SGRRDPRA,0
LDERYKEL,0
LLLQGFIQ,1
GFLRRIRP,1
VMIRHGQT,0
RKRRSVNP,1
TAHRNLQT,0
RACRAVLN,0
LQQRQIHQ,0
GRLRKIKG,0
RDGRERFQ,0
RTRREAIV,1
RRVRRRRM,0
EISRLFPQ,0
GFTRNSSS,0
RAGRSKGT,1
ENIRLVFR,0
NNTRTVDI,0
LPYRYIPG,0
CNKRVGMY,0
NCARSGIC,0
VVLLPDVE,1
PGSRSSFG,0
GSWRPFVT,0
TGAREAGR,0
RKRRSVNP,1
NLRRGRVT,0
NNARIVFT,0
ESARASVT,0
KKTRKISQ,1
PTPRAPKM,0
KLTQSKFV,1
DQVRMTSE,0
PGDRGGWC,0
FWTRFLPK,0
GQDEEAVK,1
LENLTPVV,1
TVNRTYNM,0
GFNRNLTL,0
VCNRHCEN,0
NLKRSHLR,0
AGLRFSVH,0
DLSRQTSP,0
GDMRLVTR,0
ALTRMKPG,0
KESRACLE,0
LLDRGESP,0
DKERQAKQ,0
EEERCIVN,0
FIDRYMEE,0
LHSQPAPG,1
FAFRNFLY,0
KKRRPVKV,1
AVTALWGK,1
YILKRQLY,1
CRPRKRRR,0
QELRMHYL,0
LRLRKRNR,0
TNPGPFMF,1
GLKRSVSR,1
LRDRTWHI,0
KDDRKDGR,0
TASRPSEV,0
DTPRSTPP,0
CSRREDDT,0
GLKRSPQL,1
PIIRMKES,0
PAWRTQFN,0
PLERPKET,0
KVTRGRNG,0
HKRRIAML,0
ILSRSPSL,0
FCNRYWAE,0
SGARELVS,0
VKDRCFAA,0
LLVRRCTC,0
LKWRPMVL,0
KSARSVRA,1
DGIRYVLQ,0
IARRLAQD,0
LIKRHEAF,1
RQQDKERL,1
ISKRSTEE,1
RVRRSVGS,1
RNERIPYD,0
GTYRVDPD,0
LKPRQVGS,0
QGPRIKHV,0
KSERDVST,1
SEKRCPAF,0
DVQRQQER,0
LGDRVANA,0
LELLKQGA,1
TGFRHVDQ,0
RKKRSTSA,1
MAKRNAEK,0
KVTRLVRD,0
ADRRNAPA,0
KFTRNVDL,0
PEEKSAVT,1
SWQRPFST,0
TGPRCERC,0
YSRRQSFA,0
CWDRPETM,0
GSFRGRSV,0
AAHRVVDP,0
GRRRGSII,0
RKSKVDLD,1
RRKRSIEE,1
RRRRYALS,1
RAQRKGAG,0
RELRDQAG,0
IVSRDWSN,0
APKIPEGE,1
AGPRGSEG,0
RNARDEGA,0
TGRRLAST,0
SHDRPRNS,0
GSSRKVSD,0
LHWRLPRE,0
SGGRRQRR,0
LQFQKNKL,1
QESRDASL,0
RKKRSTKK,1
SSDRAAGR,0
RSRRGVSE,1
FDERISSF,0
ASGRTLEA,0
EESRFWRE,0
LGNRQCVQ,0
VSARTASR,0
HPLRPAAD,0
LKLRCSVS,0
YYQRGGPS,0
YDQRGLAP,0
LTNRDYQS,0
RSRRAATS,1
RRKRYTLT,1
SSCRSCQN,0
LPWRLKGP,0
QVERLAVM,0
NKIRYLTD,0
YGNRHLIS,0
RPVRLALL,0
ALARAEAA,0
RHRRALDT,1
HWSYGLRP,1
VLARLTGG,0
YELREGNK,0
YSIRQGNK,0
ILRRSPGG,0
NTWRQMID,0
GVHRKSRK,0
VLNRSDPN,0
SRKRRDSN,0
GRIRDQQG,0
NFPRRKLS,0
RKSKVDLD,1
RWRRSVDI,0
VSGRHKSL,0
RKVRDLQE,1
REFRPGIE,0
VNNRDLTL,0
PKVRQALN,0
KRFRGCFV,0
ISTRKLTS,0
SQIRDLAE,0
EKLRRLGF,0
KDKRYGGF,1
VAKRDSSL,0
DLGMDTRA,1
IVERNREQ,0
RKKRFVSS,1
FACRDEFK,0
SESRSESQ,0
PARRQTRS,0
SALSSSRP,1
DKYRSFVI,0
TIRRKDLA,0
YPFRGPLP,0
EEQREDNL,0
AAQRGNND,0
RSRRAATS,1
ADARLSNA,0
SGDRNDPT,0
ISERAGHK,0
PEEKTANT,1
YTERKDIR,0
KFEKAKLG,1
KARRKVEF,0
RTDRLEVC,0
ASPRGEIK,0
EIVRENHG,0
YKQRSLSP,0
IFRRRVEG,0
FTYRIYEE,0
VDIRQVSL,0
QETFSDLW,1
EQERAVIL,0
NMRREGYE,0
LELLKQGA,1
KDKRYGGF,1
RSRRGVSE,1
VSKRYAII,0
ITKRDLAL,1
PFSRFPSL,0
ACRRLNEF,0
PERRFLWK,1
GGLRQSLM,0
LYFREGDP,0
LTVRLSLA,0
KQLRVVNG,1
LSNVKYNF,1
IEYRRVPC,0
LDARTIQV,0
PKPRSHKR,0
KIPRGWVF,0
PDNRYQWK,0
ISRRLRRF,0
RVRRSVGS,1
YQSRLKEQ,0
HQARRHAE,0
RCGRNFCI,0
VSWRASSG,0
YMLRYSQY,0
TGNRFNGT,0
RGRRSLGS,1
NLVRHLLQ,0
AVSRQVEM,0
KDSRMLMS,0
QEPRERTA,0
SDIRRKYM,0
SNDRKSYG,0
SSLRLGIG,0
ISPRPAPP,0
IEKREEKD,0
VCKRPQQV,0
DKSRQRPQ,0
PKSRPGFE,0
QAGRHIHA,0
TSSRIDRF,0
QLLRLQAE,0
CIERYDGY,0
KDGRIGQP,0
VKARYMTP,0
IGRRDFDM,1
FLKRSGPT,0
EPARAKAF,0
GSLRLGLT,0
FGNRVGER,0
AEKRYKDV,0
VTGRHNPH,0
IERRRRWG,0
EDMRIKVM,0
SDGRRRGS,0
PEERETWK,0
TTLRFSGQ,0
EVPRSDVN,0
RKKRTTSA,1
RLKRAVSE,1
KFEKAKLG,1
RFRRLATE,0
TAGRLFRA,0
IALRRLSA,0
TKSRMSEF,0
LIQRNIET,0
VKKRSVSE,1
IRRRTSHI,0
KKKRSRKS,0
QDDRGRHE,0
RARRHAAD,1
VEIRAQQA,0
FGARMYGV,0
TGYRAPVT,0
NNDRFDLK,0
NKSRVNPS,0
ISRRPRGV,0
GVTRRCRD,0
NVDRLQSL,0
RKKREITE,1
ALGRACEV,0
HHQKLVFF,1
NSSRLQEG,0
TMQRDDRG,0
RRRRHAGE,1
CEVRATFA,0
GQGTKAPE,1
YASRNPNM,0
PLFRRFGR,0
KLKRVENL,0
TLMRNLQT,0
KKTRLGQI,0
GLKRSPQL,1
PYRRVLVH,0
ALGRGLED,0
GLMRMDTL,0
DKDRTHIY,0
VVLRVTVT,0
RHKRSAKR,0
RNCRVFNN,0
INPRTGSV,0
GNFRGRGG,0
RQARDNNA,0
RARRAAPV,1
GWPRDGGR,0
ILNRDINR,0
RRRRHAGE,1
VTKRSLSP,1
LLERRLDA,0
RSRRSALH,0
VAARPRRA,0
LWYRTSIN,0
DESRNYIS,0
RRKRYAIQ,1
RKVRDLQE,1
EKRRRCLL,0
FLARLDTS,0
VIFRRING,0
ASPRALSF,0
LMDRRVTK,0
SAFRSSDS,0
KDIRWMPQ,0
PAIRAALA,0
VSGRIKFH,0
DEERAALA,0
RARRHAAD,1
REERWAER,0
DLRRAIQL,0
ARLRKGYR,0
RKSRVVDL,1
PMVRDTVV,0
GDYRTVLL,0
LVERTSMV,0
IHVRFTLT,0
RVRRSVGS,1
RTKRDVYQ,1
NNPRIHHD,0
PVKATAPE,1
KEMRVVDR,0
TPPRNPHG,0
AFERIQSF,0
EPRRYVVA,0
LVGREYVR,0
QQARTKAG,0
PPVRPVGP,0
FMKKDAEE,1
HTTRDAEQ,0
HTLRLARA,0
KNVRKNGS,0
VMERQKKL,0
TARRGPGT,0
KIQASFRG,1
KYGRRCLI,0
RSKRSSSH,1
KIIRTNEK,0
YDLRVKKT,0
LSRRSISK,1
GGMRYFKN,0
DGLRRSAP,0
RRARSVDG,1
RQKRSVEN,1
PSQTRAPH,1
RKSKVDLD,1
GKFRSPAA,0
LMARGYYD,0
YKGRVSVP,0
QRLRFIWL,0
RGIRCLLG,0
MKRRKLDD,0
PTCRCVDV,0
SQTAQTYD,1
RAKRSPKH,1
DAVRRLGP,0
NSCRISCN,0
AFSRSFLP,0
IGMRVRDA,0
GSTRIPKV,0
AFDRLRKV,0
RDPRRGTL,0
PPLRSDSF,0
LVERAAKL,0
RSRRAATS,1
FHIRRKRY,1
EYLRRTVK,0
IMARGILG,0
VSRRSGIP,0
ELIREIAA,0
GQHRVDPA,0
KDKRYGGF,1
ALGRVALF,0
HTWRLPFD,0
EELRVSLC,0
RSKRSLSC,1
KQPRCGVP,1
AGARVVRV,0
RGLRVSVK,0
DTERKRRH,1
HLKRFETS,0
VSLRFCSA,0
RKRRAVLT,1
SILRGDYQ,0
RSRRSPRA,1
HLKRTIPG,0
PGSRLKQP,0
KNIRERTE,0
TVYRHEKR,0
AGGRQRGQ,0
LWARALSY,0
PELRNAVK,0
IGERKYDW,0
ALRRPIST,0
PDGRCVVI,0
DRWRGLLD,0
LLTRDNPE,0
TPARVKSE,0
YANRQSTG,0
STERLRKC,0
PVTRAGCN,0
LCERASPN,0
LPQRFLGD,0
GEARRDYV,0
GSDRGGID,0
RARRAAPV,1
ETSRLQVM,0
LELRTYRD,0
DSNRRLIL,0
QTARFLMK,0
RNRRHVTE,1
QTMRSTGD,0
AMMTQPPA,1
PKYRGKWV,0
DEFRAILS,0
ASKRHSAR,0
GDLRRLRT,0
YVDRNNNC,0
RQYRALAL,0
RSRRSPRA,1
EFKRELTG,1
TEVRTKGH,0
ATNRAVYG,0
FMKKDAEE,1
ALLREVAR,0
HEHRNHSP,0
KPLSNMKI,1
TRQRHIPD,0
RPRHQGVM,1
VSCRYRCN,0
QESRKKKK,0
SVTRRQFL,0
SVYRGTNV,0
SQERPKSA,0
LYKRGLKY,0
KSFRTENY,0
SAERCAFK,0
KKLTQSKF,1
VLKRNFTL,0
YQKTVPVE,1
EIGRAPAM,0
ITQRRFDI,0
PPRRSPPP,0
ETERSKEE,0
LRQREGEF,0
RPRHQGVM,1
HFGRRCAT,0
RKVRDLQE,1
MRMRAPEY,0
FMPNLVPP,1
RGKRFSQS,1
IPFRVFSG,0
ASDRVGPP,0
ALHRVPLR,0
ARTRNVLK,0
NLNRRAKL,0
EWERTCGP,0
IDQRIQQQ,0
SSSRCSSA,0
RRRRYALS,1
HICRSQDG,0
LLKQGASP,1
PNSRSVVK,0
NTGRGYCI,0
RNKRYALT,1
RRRRQLDP,1
IVDRLNSL,0
WERRPFSE,1
QPGRLAGQ,0
SFKRKPHT,0
IDLRGNRL,0
VCYRRNWR,0
MQQRSVLP,0
RHKRETLK,1
VKKRSVSE,1
RKRRAVLT,1
RNKRSHNG,1
GSTAIALE,1
QQKREAPS,1
FAGRYQKL,0
QGYRVISG,0
VSSQFSDA,1
RSRRGVSE,1
DVDRKSFN,0
YGLRPGRS,0
RSKRSSSH,1
ISKRSTEE,1
NGDRPHLM,0
EGWRTMID,0
RRKRSAAL,1
RSKRSLSC,1
TPDRATLK,0
RKKRGLFG,1
KSARSVRA,1
CQARATQV,0
PSDREPEC,0
GQGTKAPE,1
ATVRNVNF,0
QIARMMRI,0
EGKRLASC,0
SNVRLYSV,0
QRQRNPQL,0
RNKRAVQG,1
PDVRNQAD,0
HNIRDIDV,0
LGLRDGRP,0
RICRKLDY,0
QQKREAPS,1
RETRYVEL,1
KKRRPVKV,1
IVERTPFS,0
PVFRPMDL,0
SRYRCDGV,0
HIYRKLGF,0
PCNRVKPY,0
KYKRFLEE,0
FANRFQEP,0
QDFREIIQ,0
SKLRLPAA,0
TPPRDALN,0
QNHRASYK,0
KDIRQIAE,0
SELRALDL,0
ILSRATEV,0
IQTRSFVC,0
RSKRSSSH,1
HRNRGMFI,0
ERLRIAEE,0
MNSRDYGH,0
RKRRSVNP,1
IDRRSGRQ,0
CQDRASGL,0
AEVRAVHS,0
LDKRTQLS,0
GLDRAMQA,0
RLQRWSRA,0
FKRRSCQM,0
RQKRSVEN,1
QFNRRVRV,0
RKLRFHVL,0
RKRRSVNP,1
LIFRESDN,0
AFVRDNNV,0
LGLGRHEN,1
KRKRAKYC,0
NSLRLLIE,0
DCERCRGS,0
DLHRNEGQ,0
MECRFANP,0
MGSRGPAN,0
LVLRSLIN,0
RNRRHVTE,1
KDGRTCNG,0
AENRFGIG,0
INPRRADL,0
EVKRASPS,0
LALRRART,0
KPLRTLFH,0
QVFRYLDM,0
ISPRDPSY,0
PCVRENNS,0
DQQRNDWP,0
RQRRAAGG,1
AVVRADAA,0
RTKRSTDG,1
IIPRVSVR,0
DMAREPVE,0
APLRLVVP,0
QNLRSQPN,0
DSNPLYKS,1
RQKRFVLS,1
SMRRTVKA,0
RVRRHSDP,1
GSERDVTI,0
ESYRDEHY,0
GRRRGRPG,0
GLKRSPQL,1
KDSRAYFH,0
SYGLRPGG,1
DPDRKLLN,0
YSHRSSHH,0
RLKRAVSE,1
VFFRGDCG,0
QRLRVTRY,0
FWHRAVTK,1
LMNTKRNR,1
RHRRQIDR,1
VRIRSVTC,0
IVERGELY,0
RTKRSTDG,1
EITRTISI,0
EKCRTPAW,0
VDMRKRQG,0
GLRRTGYT,0
EKVRKKSK,0
HMRRYKAQ,0
RHTRSAED,1
KTIRHKLL,0
LLNRTPTN,0
VYPRDQDK,0
QRKRGEHT,0
MKERVDLV,0
DPARMENA,0
ATTRPSKN,0
VGTRDPDI,0
AAPRQPGL,0
IGWRDLPS,0
HHYRINER,0
DIVRYRVY,0
RRKRYTLT,1
AWPRTRLP,0
SQKRQQEI,0
EYVQTVKS,1
RRRRSMDP,1
QIHRELIK,0
YSERFGDP,0
FHSRMLDS,0
YHYRYEIN,0
WLQRIPAD,0
TNRRRLHL,0
NPSRINLE,0
CDYRGTFS,0
LSPRQACV,0
EVVRFTPS,0
GEERLLIY,0
CGLRVFGF,0
FGIRRDGT,0
MHGRILHY,0
VTMRSGED,0
HVVRSPIA,0
ATPRSASR,0
KISRIFCY,0
RSKRSSSH,1
FGLRGLRI,0
RHRRQIDR,1
KPEVLRPE,1
RVRRHSDP,1
ARERKAKM,0
EAERLRIE,0
TDLVQPAS,1
AFLRRVKA,0
RLQREPQV,1
LIKRDPTK,0
PVSRYGFR,0
RIARDIFN,0
LKDRDFVD,0
RHKRETLK,1
DIIREACK,0
RKSRVVDL,1
REARICRL,0
KQVRDPQE,0
MDSRTVKL,0
RRRRQLDP,1
VEGRDGGI,0
MVVRAGAY,0
TIKRFLRI,0
PPGAYPGA,1
NASREEQI,0
STLRKGTA,0
EPCRPIQR,0
TCRRLDTI,0
IDGRVVHH,0
CEGRAIIG,0
TKCRLQFL,0
LVERLQSY,0
KVRRKEKG,0
ATERNGKP,0
TPSRAAFL,0
QIIRNNPG,0
QVRRLQSE,0
RQRRAAGG,1
RKRRSTNE,1
RKRRSLGD,1
KHLRQRMA,0
SGERALDA,0
MSDRQQPY,0
RTVVKFPT,1
VWMRWGRV,0
YERRSSTG,0
RQKRSINL,1
IDARPCSR,0
DLLTSPDV,1
CRRRGGVR,0
NKLRINRQ,1
LPWRRGAV,0
NQYRADIK,0
HHRRQLGP,1
MSTRTPLP,0
FALRLYKQ,0
LDGRPLTT,0
NCQRNEVV,0
KTARLEWP,0
KYRRELQL,0
KPWRFGTR,0
PVSRQLFS,0
KQPRCGVP,1
ILLRISRK,0
RTPRVSLT,0
ITKRDLAL,1
PFIRRLPE,0
QVERLPVN,0
GLKRSPQL,1
MHTREKPY,0
RELRQYDE,0
LGRRAPGA,0
NFNRQQPS,0
ANKREAWA,0
GVIRTVAR,0
RTRRQDIR,1
VAQRTAFG,0
PATRGTST,0
GRWRFHKV,0
VEGRCTRK,0
RKKRINSA,0
NRRRQNEI,0
SAQREAAA,0
FLKRSSVL,0
RPPRPSLL,0
QFGRYGKD,0
AFEKSTAS,1
PMQRLPLN,0
MYARHWQT,0
SSGRLERF,0
NFPRRPDS,0
TMWRCSPG,0
WAARALRR,0
RKKRSTKK,1
SQTAQTYD,1
VDWRLHNS,0
VWSRWQSG,0
DTIRGWWD,0
RTKRSTDG,1
RRRRHAGE,1
IDTRADHN,0
DRVRTKME,0
RVKRRADP,1
KAIRLTNR,0
QEIRLEPQ,1
EGTRIVKT,0
VFRRDAHK,1
VKKRIRDA,0
MILRIPSL,0
TWDRDHDN,0
SSGRHVIL,0
RFRRSITE,1
PPHRNENR,0
DMKRYTFL,0
LQTDGSQA,1
KDWREDGI,0
VFRRDAHK,1
ILDRHLAI,0
NYLRILEE,0
RSSRVFYE,0
RTRRTETA,0
LKSRLYFV,0
TLYRSCVN,0
HLDNLKGT,1
GKLRPLNI,0
FLDRVYIV,0
LLERKLRL,0
RSARSASS,1
QDERCMNH,0
RRVRVTKL,0
MHKRKYWA,0
DDQRKSNR,0
ADERWNFA,0
GGRRSSLS,0
FPQRLMLP,0
QGPRCQQD,0
VILRCTDQ,0
ITRRAPFG,0
PVTRLQEQ,0
RKKREITE,1
RELRFNLT,1
LTIRGNSF,0
DSVRLKVA,0
EHIRARFD,0
AMMTQPPA,1
DVNRSETT,0
TSQRNRSS,0
RSSRDFTV,0
KSERDVST,1
YVYRSRDF,0
EGRRSYLG,0
RQRRAAGG,1
AHLRALAR,0
ASPNVQDT,1
AQDFVQWL,1
KKRRQICA,0
FIIRIWSA,0
QCCRQLEQ,0
YQDRHVIN,0
MVNRFDSG,0
SPSRQCMS,0
RNKRYALT,1
GPLRFPNP,0
PKMRIEEA,0
SLHRVFQK,0
RNKRAVQG,1
VRLRDPVK,0
IKNRETIA,0
TAVRFQRS,0
HIWRQAFG,0
QPVRKGAS,0
MFHRPPES,0
LDSRETVI,0
RKKRTTSA,1
IYNRETDR,0
MLLRIGKG,0
RDRRQIFL,1
SRCRPVTP,0
RKKRSTKK,1
AFGRNITV,0
SSSPIPSP,1
ESERKKFL,0
VDGRDVSA,0
MGMRPETV,0
NKGREEKN,0
NFIRNESH,0
GCARDSFR,0
VIGRSGEM,0
SVCRHLSI,0
LLKQGASP,1
RRVRALGT,0
LVFRDAGL,0
AEERRREK,0
CTGVSAQV,1
RRKRYAEH,1
AIARGCYS,0
YKGRTALV,0
VLCRATTV,0
VGRRSQDV,0
GRYRLDLF,0
NALQFQKN,1
NKTRVVSY,0
KRTRSTVA,0
MGLRAGGD,0
NAERRTQH,0
TAERIGRL,0
RGERCAED,0
QELRTGQR,0
NVERIPVA,0
RLPRETDE,1
EGKRSYSM,1
WYLRKRGL,0
EERRIGSP,0
ISKRSTEE,1
IRGRRGGR,0
SEERCLHS,0
KQGASPNV,1
MKVNGAPR,1
YSRRNSHE,0
RVKRRADP,1
RTKRQIPK,0
RQKRSVEN,1
AAVRWLLQ,0
HHYRPAFD,0
RVARDITM,1
KSTASWAE,1
RHKRFAGV,1
SMPRDIYQ,0
LLPRDWYS,0
ANLRNNFM,0
EDARMIAK,0
RRKRYTLT,1
GLQRLEEY,0
IEQRKKSD,0
EFRRAPAP,0
RSQRTLRQ,0
VVFRIEGR,0
HENRFKKV,0
HTPRGLAV,0
KSKRAFEP,0
VIERIPPP,0
VTPRTPPP,1
IKERGVDI,0
GSTRIPRI,0
NVMRKFKS,0
VFRRDAHK,1
WALRCIDM,0
LLLQGFIQ,1
VPERPDEF,0
KQRRYSDH,0
KSMRILPI,0
IQLRRCHR,0
EVRRYNAK,0
WQHRFQCR,0
RPVRGIAR,0
LVHRRKKE,0
IHPRSLAW,0
EEARKLLD,0
IIGRENPK,0
MLPRYDLS,0
LTARGYKL,0
RNQRKNVK,0
DVVRNIPN,0
YKLRPYAD,0
LVQRKEGV,0
RRARSVDG,1
IEADFRLN,1
SELRAFVA,0
QNARDKPF,0
SGRRSPES,0
LMNTKRNR,1
DCIRVQTD,0
PEARAGQA,0
PRRREPEE,0
LALRKKIA,0
RPVRPGAA,0
RRRRELEP,1
DSNRREGR,0
LLHRDTML,0
AEGRCCPI,0
LSTFAQPP,1
AKMRYHMP,0
HDCRHKED,0
EPKRKIVG,0
KNCRACEC,0
MSKRTILK,0
TPYRLAPN,0
TRGRSRVY,0
MFIRPTEE,0
SKQRAAAQ,0
QAARKKSV,0
RGKRFSQS,1
DPDRVYVV,0
RTVRLSLF,0
VSDRHSGI,0
RKKREITE,1
GGRRMPDA,0
VSSQFSDA,1
LPLRMEEP,1
VGTRFTQT,0
RCIREGLA,0
FCRRSFDG,0
SLLRERRA,0
REKRGLFG,1
RSKRSSSH,1
RIARKGEQ,0
GTPRTLNT,0
VVLRVAKG,0
VDSRLTYE,0
WQYRQLSN,0
SHRRHDSS,0
PPPRAPTA,0
KITRGVPT,0
DDSRNLEE,0
SNLRWWKR,0
EDGREDKW,0
WDRRDVKK,0
LLSRPIFT,0
ILERMAPM,0
RTRRQDIR,1
AMRRRRSS,0
PALRRQLV,0
KKQREKEK,0
RSRRAATS,1
FKQRVAYG,0
ECTRCEEP,0
EDLRVVED,0
RKPRCGNP,1
RKRRSLGD,1
TKSRSVIE,0
TTVMNPKF,1
RNKRSKSN,1
SPPRLRHT,0
PYHRLVPY,0
VAVRLAKA,0
QRHRGDRE,0
KSARSVRA,1
PFKRINLC,0
LVVRPCPA,0
KEFRKNFG,0
ILPRTASV,0
